<?xml version="1.0" encoding="utf-8"?>
<addressbook>
  <address>
    <id><![CDATA[1]]></id>
    <name><![CDATA[Okalo]]></name>
    <first_name><![CDATA[James]]></first_name>
    <email><![CDATA[okalo@gmail.com]]></email>
    <street><![CDATA[Burgen]]></street>
    <zipcode><![CDATA[040-57849]]></zipcode>
    <city><![CDATA[JohannesBurg]]></city>
  </address>
  <address>
    <id><![CDATA[2]]></id>
    <name><![CDATA[Agillo]]></name>
    <first_name><![CDATA[Bernice]]></first_name>
    <email><![CDATA[bern@gmail.com]]></email>
    <street><![CDATA[Broadway]]></street>
    <zipcode><![CDATA[050-768560]]></zipcode>
    <city><![CDATA[Mombasa]]></city>
  </address>
  <address>
    <id><![CDATA[3]]></id>
    <name><![CDATA[Parkash]]></name>
    <first_name><![CDATA[Ouma]]></first_name>
    <email><![CDATA[par@gmail.com]]></email>
    <street><![CDATA[Bourburn]]></street>
    <zipcode><![CDATA[050-77438]]></zipcode>
    <city><![CDATA[Nairobi]]></city>
  </address>
  <address>
    <id><![CDATA[4]]></id>
    <name><![CDATA[Adeo]]></name>
    <first_name><![CDATA[Felix]]></first_name>
    <email><![CDATA[adfe@gmail.com]]></email>
    <street><![CDATA[Addan]]></street>
    <zipcode><![CDATA[090-76470]]></zipcode>
    <city><![CDATA[JohannesBurg]]></city>
  </address>
  <address>
    <id><![CDATA[5]]></id>
    <name><![CDATA[Wendi]]></name>
    <first_name><![CDATA[Jackson]]></first_name>
    <email><![CDATA[wejack@gmail.com]]></email>
    <street><![CDATA[Abai]]></street>
    <zipcode><![CDATA[060-76461]]></zipcode>
    <city><![CDATA[Nairobi]]></city>
  </address>
  <address>
    <id><![CDATA[6]]></id>
    <name><![CDATA[test]]></name>
    <first_name><![CDATA[as]]></first_name>
    <email><![CDATA[email@email.com]]></email>
    <street><![CDATA[123]]></street>
    <zipcode><![CDATA[12]]></zipcode>
    <city><![CDATA[Zurich]]></city>
  </address>
</addressbook>
